{
  "version": "eval_20250922_092437",
  "timestamp": "20250922_092437",
  "metrics": {
    "roc_auc": 0.8432380952380952,
    "accuracy": 0.7846153846153846,
    "precision": 0.581447963800905,
    "recall": 0.6763157894736842,
    "f1_score": 0.6253041362530414,
    "brier_score": 0.15066240368529804,
    "threshold": 0.5500000000000002,
    "pr_auc": 0.6485139720531872,
    "confusion_matrix": [
      [
        865,
        185
      ],
      [
        123,
        257
      ]
    ],
    "true_negatives": 865,
    "false_positives": 185,
    "false_negatives": 123,
    "true_positives": 257,
    "classification_report": {
      "0": {
        "precision": 0.8755060728744939,
        "recall": 0.8238095238095238,
        "f1-score": 0.8488714425907753,
        "support": 1050.0
      },
      "1": {
        "precision": 0.581447963800905,
        "recall": 0.6763157894736842,
        "f1-score": 0.6253041362530414,
        "support": 380.0
      },
      "accuracy": 0.7846153846153846,
      "macro avg": {
        "precision": 0.7284770183376994,
        "recall": 0.750062656641604,
        "f1-score": 0.7370877894219083,
        "support": 1430.0
      },
      "weighted avg": {
        "precision": 0.7973647571766171,
        "recall": 0.7846153846153846,
        "f1-score": 0.7894619485989298,
        "support": 1430.0
      }
    }
  }
}