{
  "version": "eval_20250921_221844",
  "timestamp": "20250921_221844",
  "metrics": {
    "roc_auc": 0.8425263157894736,
    "accuracy": 0.7776223776223776,
    "precision": 0.5701357466063348,
    "recall": 0.6631578947368421,
    "f1_score": 0.6131386861313869,
    "brier_score": 0.15093851438581365,
    "threshold": 0.5500000000000002,
    "pr_auc": 0.648903648044231,
    "confusion_matrix": [
      [
        860,
        190
      ],
      [
        128,
        252
      ]
    ],
    "true_negatives": 860,
    "false_positives": 190,
    "false_negatives": 128,
    "true_positives": 252,
    "classification_report": {
      "0": {
        "precision": 0.8704453441295547,
        "recall": 0.819047619047619,
        "f1-score": 0.8439646712463199,
        "support": 1050.0
      },
      "1": {
        "precision": 0.5701357466063348,
        "recall": 0.6631578947368421,
        "f1-score": 0.6131386861313869,
        "support": 380.0
      },
      "accuracy": 0.7776223776223776,
      "macro avg": {
        "precision": 0.7202905453679447,
        "recall": 0.7411027568922306,
        "f1-score": 0.7285516786888534,
        "support": 1430.0
      },
      "weighted avg": {
        "precision": 0.790642793738769,
        "recall": 0.7776223776223776,
        "f1-score": 0.7826262975794146,
        "support": 1430.0
      }
    }
  }
}