{
  "version": "eval_20250921_192159",
  "timestamp": "20250921_192159",
  "metrics": {
    "roc_auc": 0.8476791979949875,
    "accuracy": 0.7587412587412588,
    "precision": 0.5317604355716878,
    "recall": 0.7710526315789473,
    "f1_score": 0.6294307196562836,
    "brier_score": 0.1658848986828144,
    "threshold": 0.5500000000000002,
    "pr_auc": 0.6489406226278395,
    "confusion_matrix": [
      [
        792,
        258
      ],
      [
        87,
        293
      ]
    ],
    "true_negatives": 792,
    "false_positives": 258,
    "false_negatives": 87,
    "true_positives": 293,
    "classification_report": {
      "0": {
        "precision": 0.9010238907849829,
        "recall": 0.7542857142857143,
        "f1-score": 0.8211508553654744,
        "support": 1050.0
      },
      "1": {
        "precision": 0.5317604355716878,
        "recall": 0.7710526315789473,
        "f1-score": 0.6294307196562836,
        "support": 380.0
      },
      "accuracy": 0.7587412587412588,
      "macro avg": {
        "precision": 0.7163921631783354,
        "recall": 0.7626691729323308,
        "f1-score": 0.7252907875108789,
        "support": 1430.0
      },
      "weighted avg": {
        "precision": 0.8028979376513801,
        "recall": 0.7587412587412588,
        "f1-score": 0.7702042458763189,
        "support": 1430.0
      }
    }
  }
}